0,9998.98, 1.01, 0.01
0.1,9998.96, 1.0201, 0.0201
0.2,9998.94, 1.03029, 0.0303009
0.3,9998.92, 1.0406, 0.0406039
0.4,9998.9, 1.051, 0.0510098
0.5,9998.88, 1.06151, 0.0615198
0.6,9998.86, 1.07212, 0.0721349
0.7,9998.83, 1.08284, 0.0828561
0.8,9998.81, 1.09366, 0.0936845
0.9,9998.79, 1.1046, 0.104621
1,9998.77, 1.11564, 0.115667
1.1,9998.75, 1.1268, 0.126824
1.2,9998.72, 1.13806, 0.138091
1.3,9998.7, 1.14944, 0.149472
1.4,9998.68, 1.16093, 0.160966
1.5,9998.65, 1.17254, 0.172576
1.6,9998.63, 1.18426, 0.184301
1.7,9998.61, 1.1961, 0.196144
1.8,9998.58, 1.20806, 0.208105
1.9,9998.56, 1.22013, 0.220185
2,9998.54, 1.23233, 0.232387
2.1,9998.51, 1.24465, 0.24471
2.2,9998.49, 1.25709, 0.257156
2.3,9998.46, 1.26966, 0.269727
2.4,9998.44, 1.28235, 0.282424
2.5,9998.41, 1.29517, 0.295247
2.6,9998.38, 1.30812, 0.308199
2.7,9998.36, 1.3212, 0.32128
2.8,9998.33, 1.3344, 0.334492
2.9,9998.3, 1.34774, 0.347836
3,9998.28, 1.36122, 0.361314
3.1,9998.25, 1.37482, 0.374926
3.2,9998.22, 1.38857, 0.388674
3.3,9998.2, 1.40245, 0.40256
3.4,9998.17, 1.41647, 0.416584
3.5,9998.14, 1.43063, 0.430749
3.6,9998.11, 1.44493, 0.445055
3.7,9998.08, 1.45937, 0.459505
3.8,9998.05, 1.47396, 0.474098
3.9,9998.02, 1.48869, 0.488838
4,9997.99, 1.50357, 0.503725
4.1,9997.96, 1.5186, 0.518761
4.2,9997.93, 1.53378, 0.533947
4.3,9997.9, 1.54912, 0.549284
4.4,9997.87, 1.5646, 0.564776
4.5,9997.84, 1.58024, 0.580422
4.6,9997.81, 1.59604, 0.596224
4.7,9997.78, 1.61199, 0.612184
4.8,9997.74, 1.6281, 0.628304
4.9,9997.71, 1.64438, 0.644585
5,9997.68, 1.66081, 0.661029
5.1,9997.65, 1.67741, 0.677637
5.2,9997.61, 1.69418, 0.694411
5.3,9997.58, 1.71111, 0.711353
5.4,9997.54, 1.72821, 0.728464
5.5,9997.51, 1.74549, 0.745746
5.6,9997.47, 1.76293, 0.763201
5.7,9997.44, 1.78055, 0.78083
5.8,9997.4, 1.79835, 0.798636
5.9,9997.37, 1.81633, 0.81662
6,9997.33, 1.83448, 0.834783
6.1,9997.29, 1.85281, 0.853128
6.2,9997.26, 1.87133, 0.871656
6.3,9997.22, 1.89004, 0.890369
6.4,9997.18, 1.90892, 0.909269
6.5,9997.14, 1.928, 0.928359
6.6,9997.11, 1.94727, 0.947639
6.7,9997.07, 1.96673, 0.967111
6.8,9997.03, 1.98639, 0.986779
6.9,9996.99, 2.00624, 1.00664
7,9996.95, 2.02629, 1.02671
7.1,9996.91, 2.04654, 1.04697
7.2,9996.87, 2.067, 1.06743
7.3,9996.83, 2.08765, 1.0881
7.4,9996.78, 2.10852, 1.10898
7.5,9996.74, 2.12959, 1.13006
7.6,9996.7, 2.15087, 1.15136
7.7,9996.66, 2.17236, 1.17287
7.8,9996.61, 2.19407, 1.19459
7.9,9996.57, 2.216, 1.21653
8,9996.53, 2.23814, 1.23869
8.1,9996.48, 2.26051, 1.26108
8.2,9996.44, 2.2831, 1.28368
8.3,9996.39, 2.30591, 1.30651
8.4,9996.34, 2.32896, 1.32957
8.5,9996.3, 2.35223, 1.35286
8.6,9996.25, 2.37573, 1.37638
8.7,9996.2, 2.39947, 1.40014
8.8,9996.15, 2.42345, 1.42413
8.9,9996.11, 2.44767, 1.44837
9,9996.06, 2.47212, 1.47285
9.1,9996.01, 2.49682, 1.49757
9.2,9995.96, 2.52177, 1.52253
9.3,9995.91, 2.54697, 1.54775
9.4,9995.86, 2.57242, 1.57322
9.5,9995.8, 2.59812, 1.59895
9.6,9995.75, 2.62408, 1.62493
9.7,9995.7, 2.6503, 1.65117
9.8,9995.65, 2.67678, 1.67767
9.9,9995.59, 2.70353, 1.70444
10,9995.54, 2.73054, 1.73147
10.1,9995.48, 2.75782, 1.75878
10.2,9995.43, 2.78537, 1.78636
10.3,9995.37, 2.8132, 1.81421
10.4,9995.32, 2.84131, 1.84234
10.5,9995.26, 2.86969, 1.87076
10.6,9995.2, 2.89836, 1.89945
10.7,9995.15, 2.92732, 1.92844
10.8,9995.09, 2.95656, 1.95771
10.9,9995.03, 2.9861, 1.98728
11,9994.97, 3.01593, 2.01714
11.1,9994.91, 3.04606, 2.0473
11.2,9994.85, 3.07649, 2.07776
11.3,9994.79, 3.10722, 2.10852
11.4,9994.72, 3.13826, 2.13959
11.5,9994.66, 3.16961, 2.17098
11.6,9994.6, 3.20127, 2.20267
11.7,9994.53, 3.23325, 2.23469
11.8,9994.47, 3.26555, 2.26702
11.9,9994.4, 3.29817, 2.29967
12,9994.34, 3.33111, 2.33265
12.1,9994.27, 3.36438, 2.36597
12.2,9994.2, 3.39799, 2.39961
12.3,9994.13, 3.43193, 2.43359
12.4,9994.07, 3.46621, 2.46791
12.5,9994, 3.50083, 2.50257
12.6,9993.93, 3.5358, 2.53758
12.7,9993.86, 3.57111, 2.57294
12.8,9993.78, 3.60678, 2.60865
12.9,9993.71, 3.6428, 2.64472
13,9993.64, 3.67918, 2.68114
13.1,9993.57, 3.71593, 2.71794
13.2,9993.49, 3.75304, 2.7551
13.3,9993.42, 3.79052, 2.79263
13.4,9993.34, 3.82838, 2.83053
13.5,9993.26, 3.86661, 2.86881
13.6,9993.19, 3.90522, 2.90748
13.7,9993.11, 3.94422, 2.94653
13.8,9993.03, 3.98361, 2.98598
13.9,9992.95, 4.02339, 3.02581
14,9992.87, 4.06357, 3.06605
14.1,9992.79, 4.10415, 3.10668
14.2,9992.71, 4.14513, 3.14772
14.3,9992.62, 4.18652, 3.18917
14.4,9992.54, 4.22832, 3.23104
14.5,9992.45, 4.27054, 3.27332
14.6,9992.37, 4.31319, 3.31603
14.7,9992.28, 4.35625, 3.35916
14.8,9992.2, 4.39975, 3.40272
14.9,9992.11, 4.44368, 3.44672
15,9992.02, 4.48804, 3.49116
15.1,9991.93, 4.53285, 3.53604
15.2,9991.84, 4.57811, 3.58136
15.3,9991.75, 4.62381, 3.62715
15.4,9991.65, 4.66997, 3.67338
15.5,9991.56, 4.7166, 3.72008
15.6,9991.47, 4.76368, 3.76725
15.7,9991.37, 4.81124, 3.81489
15.8,9991.28, 4.85927, 3.863
15.9,9991.18, 4.90777, 3.91159
16,9991.08, 4.95677, 3.96067
16.1,9990.98, 5.00625, 4.01024
16.2,9990.88, 5.05622, 4.0603
16.3,9990.78, 5.10669, 4.11086
16.4,9990.68, 5.15766, 4.16193
16.5,9990.58, 5.20914, 4.21351
16.6,9990.47, 5.26113, 4.2656
16.7,9990.37, 5.31364, 4.31821
16.8,9990.26, 5.36668, 4.37134
16.9,9990.15, 5.42024, 4.42501
17,9990.04, 5.47434, 4.47921
17.1,9989.94, 5.52897, 4.53396
17.2,9989.83, 5.58415, 4.58925
17.3,9989.71, 5.63988, 4.64509
17.4,9989.6, 5.69616, 4.70149
17.5,9989.49, 5.753, 4.75845
17.6,9989.37, 5.81041, 4.81598
17.7,9989.26, 5.86839, 4.87408
17.8,9989.14, 5.92695, 4.93277
17.9,9989.02, 5.98609, 4.99204
18,9988.9, 6.04582, 5.0519
18.1,9988.78, 6.10615, 5.11235
18.2,9988.66, 6.16707, 5.17342
18.3,9988.54, 6.2286, 5.23509
18.4,9988.41, 6.29075, 5.29737
18.5,9988.29, 6.35351, 5.36028
18.6,9988.16, 6.41689, 5.42382
18.7,9988.03, 6.48091, 5.48798
18.8,9987.9, 6.54556, 5.55279
18.9,9987.77, 6.61086, 5.61825
19,9987.64, 6.67681, 5.68436
19.1,9987.5, 6.74341, 5.75113
19.2,9987.37, 6.81068, 5.81856
19.3,9987.23, 6.87861, 5.88667
19.4,9987.1, 6.94722, 5.95545
19.5,9986.96, 7.01652, 6.02493
19.6,9986.82, 7.0865, 6.09509
19.7,9986.67, 7.15718, 6.16596
19.8,9986.53, 7.22856, 6.23753
19.9,9986.39, 7.30065, 6.30981
20,9986.24, 7.37346, 6.38282
20.1,9986.09, 7.44699, 6.45655
20.2,9985.95, 7.52125, 6.53102
20.3,9985.8, 7.59625, 6.60624
20.4,9985.64, 7.672, 6.6822
20.5,9985.49, 7.7485, 6.75892
20.6,9985.34, 7.82576, 6.8364
20.7,9985.18, 7.90379, 6.91466
20.8,9985.02, 7.98259, 6.9937
20.9,9984.86, 8.06218, 7.07353
21,9984.7, 8.14255, 7.15415
21.1,9984.54, 8.22373, 7.23557
21.2,9984.38, 8.30571, 7.31781
21.3,9984.21, 8.38851, 7.40087
21.4,9984.04, 8.47213, 7.48475
21.5,9983.87, 8.55658, 7.56947
21.6,9983.7, 8.64187, 7.65504
21.7,9983.53, 8.72801, 7.74146
21.8,9983.35, 8.815, 7.82874
21.9,9983.18, 8.90286, 7.91689
22,9983, 8.99159, 8.00592
22.1,9982.82, 9.0812, 8.09583
22.2,9982.64, 9.1717, 8.18665
22.3,9982.46, 9.26309, 8.27836
22.4,9982.27, 9.3554, 8.37099
22.5,9982.08, 9.44862, 8.46455
22.6,9981.9, 9.54277, 8.55903
22.7,9981.71, 9.63785, 8.65446
22.8,9981.51, 9.73388, 8.75084
22.9,9981.32, 9.83086, 8.84818
23,9981.12, 9.9288, 8.94649
23.1,9980.92, 10.0277, 9.04577
23.2,9980.72, 10.1276, 9.14605
23.3,9980.52, 10.2285, 9.24733
23.4,9980.32, 10.3304, 9.34961
23.5,9980.11, 10.4333, 9.45292
23.6,9979.9, 10.5372, 9.55725
23.7,9979.69, 10.6421, 9.66262
23.8,9979.48, 10.7481, 9.76904
23.9,9979.27, 10.8552, 9.87652
24,9979.05, 10.9633, 9.98508
24.1,9978.83, 11.0724, 10.0947
24.2,9978.61, 11.1827, 10.2054
24.3,9978.39, 11.2941, 10.3173
24.4,9978.16, 11.4065, 10.4302
24.5,9977.93, 11.5201, 10.5443
24.6,9977.7, 11.6348, 10.6595
24.7,9977.47, 11.7506, 10.7758
24.8,9977.24, 11.8676, 10.8933
24.9,9977, 11.9857, 11.012
25,9976.76, 12.105, 11.1319
25.1,9976.52, 12.2255, 11.2529
25.2,9976.28, 12.3472, 11.3752
25.3,9976.03, 12.4701, 11.4986
25.4,9975.78, 12.5942, 11.6233
25.5,9975.53, 12.7195, 11.7493
25.6,9975.28, 12.8461, 11.8765
25.7,9975.02, 12.9739, 12.0049
25.8,9974.76, 13.103, 12.1347
25.9,9974.5, 13.2334, 12.2657
26,9974.24, 13.365, 12.398
26.1,9973.97, 13.498, 12.5317
26.2,9973.7, 13.6323, 12.6667
26.3,9973.43, 13.7679, 12.803
26.4,9973.15, 13.9048, 12.9407
26.5,9972.88, 14.0431, 13.0797
26.6,9972.6, 14.1828, 13.2201
26.7,9972.31, 14.3238, 13.362
26.8,9972.03, 14.4663, 13.5052
26.9,9971.74, 14.6101, 13.6499
27,9971.45, 14.7554, 13.796
27.1,9971.15, 14.9021, 13.9435
27.2,9970.86, 15.0503, 14.0925
27.3,9970.56, 15.1999, 14.2431
27.4,9970.25, 15.351, 14.3951
27.5,9969.95, 15.5036, 14.5486
27.6,9969.64, 15.6577, 14.7036
27.7,9969.33, 15.8133, 14.8602
27.8,9969.01, 15.9705, 15.0183
27.9,9968.69, 16.1292, 15.178
28,9968.37, 16.2895, 15.3393
28.1,9968.05, 16.4514, 15.5022
28.2,9967.72, 16.6148, 15.6667
28.3,9967.39, 16.7799, 15.8329
28.4,9967.05, 16.9466, 16.0007
28.5,9966.71, 17.115, 16.1701
28.6,9966.37, 17.285, 16.3413
28.7,9966.03, 17.4566, 16.5141
28.8,9965.68, 17.63, 16.6887
28.9,9965.33, 17.8051, 16.865
29,9964.98, 17.9819, 17.043
29.1,9964.62, 18.1605, 17.2229
29.2,9964.25, 18.3408, 17.4045
29.3,9963.89, 18.5229, 17.5879
29.4,9963.52, 18.7068, 17.7731
29.5,9963.15, 18.8925, 17.9602
29.6,9962.77, 19.08, 18.1491
29.7,9962.39, 19.2694, 18.3399
29.8,9962.01, 19.4607, 18.5326
29.9,9961.62, 19.6538, 18.7272
30,9961.23, 19.8488, 18.9237
30.1,9960.83, 20.0458, 19.1222
30.2,9960.43, 20.2447, 19.3227
30.3,9960.03, 20.4455, 19.5251
30.4,9959.62, 20.6483, 19.7296
30.5,9959.21, 20.8531, 19.9361
30.6,9958.8, 21.06, 20.1446
30.7,9958.38, 21.2688, 20.3552
30.8,9957.95, 21.4798, 20.5679
30.9,9957.53, 21.6927, 20.7827
31,9957.09, 21.9078, 20.9996
31.1,9956.66, 22.125, 21.2187
31.2,9956.22, 22.3444, 21.4399
31.3,9955.77, 22.5658, 21.6634
31.4,9955.32, 22.7895, 21.889
31.5,9954.87, 23.0154, 22.1169
31.6,9954.41, 23.2434, 22.3471
31.7,9953.95, 23.4738, 22.5795
31.8,9953.48, 23.7063, 22.8143
31.9,9953.01, 23.9412, 23.0513
32,9952.53, 24.1784, 23.2907
32.1,9952.05, 24.4178, 23.5325
32.2,9951.56, 24.6597, 23.7767
32.3,9951.07, 24.9039, 24.0233
32.4,9950.58, 25.1505, 24.2723
32.5,9950.08, 25.3995, 24.5238
32.6,9949.57, 25.651, 24.7778
32.7,9949.06, 25.9049, 25.0343
32.8,9948.54, 26.1613, 25.2934
32.9,9948.02, 26.4202, 25.555
33,9947.5, 26.6817, 25.8192
33.1,9946.97, 26.9457, 26.086
33.2,9946.43, 27.2123, 26.3555
33.3,9945.89, 27.4815, 26.6276
33.4,9945.34, 27.7533, 26.9024
33.5,9944.79, 28.0278, 27.18
33.6,9944.23, 28.305, 27.4602
33.7,9943.67, 28.5849, 27.7433
33.8,9943.1, 28.8675, 28.0291
33.9,9942.53, 29.1529, 28.3178
34,9941.95, 29.4411, 28.6093
34.1,9941.36, 29.7321, 28.9038
34.2,9940.77, 30.0259, 29.2011
34.3,9940.17, 30.3226, 29.5013
34.4,9939.57, 30.6222, 29.8046
34.5,9938.96, 30.9248, 30.1108
34.6,9938.35, 31.2302, 30.42
34.7,9937.73, 31.5387, 30.7323
34.8,9937.1, 31.8501, 31.0477
34.9,9936.47, 32.1646, 31.3662
35,9935.83, 32.4822, 31.6879
35.1,9935.18, 32.8029, 32.0127
35.2,9934.53, 33.1266, 32.3407
35.3,9933.87, 33.4536, 32.672
35.4,9933.21, 33.7837, 33.0065
35.5,9932.54, 34.117, 33.3444
35.6,9931.86, 34.4536, 33.6855
35.7,9931.18, 34.7934, 34.0301
35.8,9930.48, 35.1365, 34.378
35.9,9929.79, 35.483, 34.7294
36,9929.08, 35.8329, 35.0842
36.1,9928.37, 36.1861, 35.4425
36.2,9927.65, 36.5428, 35.8044
36.3,9926.92, 36.9029, 36.1698
36.4,9926.19, 37.2666, 36.5388
36.5,9925.45, 37.6337, 36.9115
36.6,9924.71, 38.0045, 37.2878
36.7,9923.95, 38.3788, 37.6679
36.8,9923.19, 38.7567, 38.0517
36.9,9922.42, 39.1383, 38.4392
37,9921.64, 39.5237, 38.8306
37.1,9920.86, 39.9127, 39.2259
37.2,9920.07, 40.3055, 39.625
37.3,9919.27, 40.7021, 40.028
37.4,9918.46, 41.1026, 40.4351
37.5,9917.64, 41.5069, 40.8461
37.6,9916.82, 41.9151, 41.2612
37.7,9915.99, 42.3273, 41.6803
37.8,9915.15, 42.7435, 42.1036
37.9,9914.3, 43.1636, 42.531
38,9913.45, 43.5879, 42.9627
38.1,9912.58, 44.0162, 43.3985
38.2,9911.71, 44.4487, 43.8387
38.3,9910.83, 44.8853, 44.2832
38.4,9909.94, 45.3262, 44.732
38.5,9909.04, 45.7713, 45.1853
38.6,9908.13, 46.2207, 45.643
38.7,9907.22, 46.6744, 46.1052
38.8,9906.29, 47.1325, 46.572
38.9,9905.36, 47.595, 47.0433
39,9904.42, 48.0619, 47.5192
39.1,9903.46, 48.5333, 47.9999
39.2,9902.5, 49.0093, 48.4852
39.3,9901.53, 49.4898, 48.9753
39.4,9900.55, 49.975, 49.4702
39.5,9899.56, 50.4648, 49.9699
39.6,9898.56, 50.9593, 50.4746
39.7,9897.55, 51.4586, 50.9842
39.8,9896.54, 51.9626, 51.4988
39.9,9895.51, 52.4715, 52.0184
40,9894.47, 52.9852, 52.5431
40.1,9893.42, 53.5039, 53.073
40.2,9892.36, 54.0275, 53.608
40.3,9891.29, 54.5562, 54.1483
40.4,9890.21, 55.0899, 54.6938
40.5,9889.12, 55.6287, 55.2447
40.6,9888.02, 56.1726, 55.801
40.7,9886.91, 56.7218, 56.3627
40.8,9885.79, 57.2762, 56.93
40.9,9884.66, 57.8358, 57.5027
41,9883.51, 58.4009, 58.0811
41.1,9882.36, 58.9713, 58.6651
41.2,9881.19, 59.5471, 59.2548
41.3,9880.02, 60.1284, 59.8503
41.4,9878.83, 60.7153, 60.4516
41.5,9877.63, 61.3077, 61.0587
41.6,9876.42, 61.9058, 61.6718
41.7,9875.2, 62.5095, 62.2908
41.8,9873.96, 63.119, 62.9159
41.9,9872.71, 63.7343, 63.5471
42,9871.46, 64.3554, 64.1845
42.1,9870.19, 64.9824, 64.828
42.2,9868.9, 65.6154, 65.4779
42.3,9867.61, 66.2544, 66.134
42.4,9866.3, 66.8994, 66.7965
42.5,9864.98, 67.5505, 67.4655
42.6,9863.65, 68.2077, 68.141
42.7,9862.3, 68.8712, 68.8231
42.8,9860.94, 69.541, 69.5118
42.9,9859.57, 70.217, 70.2072
43,9858.19, 70.8995, 70.9094
43.1,9856.79, 71.5884, 71.6184
43.2,9855.38, 72.2837, 72.3343
43.3,9853.95, 72.9857, 73.0571
43.4,9852.51, 73.6942, 73.787
43.5,9851.06, 74.4094, 74.5239
43.6,9849.6, 75.1313, 75.268
43.7,9848.12, 75.8601, 76.0193
43.8,9846.62, 76.5956, 76.7779
43.9,9845.11, 77.3381, 77.5439
44,9843.59, 78.0875, 78.3173
44.1,9842.05, 78.844, 79.0981
44.2,9840.5, 79.6075, 79.8866
44.3,9838.94, 80.3782, 80.6827
44.4,9837.35, 81.1561, 81.4864
44.5,9835.76, 81.9412, 82.298
44.6,9834.14, 82.7337, 83.1174
44.7,9832.52, 83.5336, 83.9447
44.8,9830.88, 84.341, 84.7801
44.9,9829.22, 85.1559, 85.6235
45,9827.54, 85.9783, 86.475
45.1,9825.85, 86.8085, 87.3348
45.2,9824.15, 87.6463, 88.2029
45.3,9822.43, 88.492, 89.0794
45.4,9820.69, 89.3454, 89.9643
45.5,9818.93, 90.2069, 90.8578
45.6,9817.16, 91.0763, 91.7598
45.7,9815.37, 91.9537, 92.6706
45.8,9813.57, 92.8393, 93.5901
45.9,9811.75, 93.7331, 94.5185
46,9809.91, 94.6351, 95.4558
46.1,9808.05, 95.5455, 96.4022
46.2,9806.18, 96.4643, 97.3577
46.3,9804.28, 97.3915, 98.3223
46.4,9802.37, 98.3273, 99.2962
46.5,9800.45, 99.2717, 100.279
46.6,9798.5, 100.225, 101.272
46.7,9796.54, 101.187, 102.274
46.8,9794.55, 102.157, 103.286
46.9,9792.55, 103.137, 104.308
47,9790.53, 104.126, 105.339
47.1,9788.49, 105.123, 106.381
47.2,9786.44, 106.13, 107.432
47.3,9784.36, 107.146, 108.493
47.4,9782.26, 108.171, 109.565
47.5,9780.15, 109.206, 110.646
47.6,9778.01, 110.25, 111.738
47.7,9775.85, 111.303, 112.841
47.8,9773.68, 112.366, 113.954
47.9,9771.48, 113.439, 115.077
48,9769.27, 114.522, 116.212
48.1,9767.03, 115.614, 117.357
48.2,9764.77, 116.716, 118.513
48.3,9762.49, 117.829, 119.68
48.4,9760.19, 118.951, 120.859
48.5,9757.87, 120.083, 122.048
48.6,9755.52, 121.226, 123.249
48.7,9753.16, 122.379, 124.461
48.8,9750.77, 123.543, 125.685
48.9,9748.36, 124.716, 126.921
49,9745.93, 125.901, 128.168
49.1,9743.48, 127.096, 129.427
49.2,9741, 128.302, 130.698
49.3,9738.5, 129.518, 131.981
49.4,9735.98, 130.746, 133.276
49.5,9733.43, 131.984, 134.583
49.6,9730.86, 133.233, 135.903
49.7,9728.27, 134.494, 137.235
49.8,9725.65, 135.766, 138.58
49.9,9723.01, 137.049, 139.938
50,9720.35, 138.344, 141.309
50.1,9717.66, 139.65, 142.692
50.2,9714.94, 140.967, 144.089
50.3,9712.2, 142.297, 145.498
50.4,9709.44, 143.638, 146.921
50.5,9706.65, 144.991, 148.358
50.6,9703.84, 146.355, 149.807
50.7,9701, 147.732, 151.271
50.8,9698.13, 149.121, 152.748
50.9,9695.24, 150.523, 154.24
51,9692.32, 151.936, 155.745
51.1,9689.37, 153.362, 157.264
51.2,9686.4, 154.8, 158.798
51.3,9683.4, 156.251, 160.346
51.4,9680.38, 157.715, 161.908
51.5,9677.32, 159.191, 163.485
51.6,9674.24, 160.68, 165.077
51.7,9671.13, 162.182, 166.684
51.8,9668, 163.697, 168.306
51.9,9664.83, 165.226, 169.943
52,9661.64, 166.767, 171.595
52.1,9658.41, 168.322, 173.263
52.2,9655.16, 169.89, 174.946
52.3,9651.88, 171.472, 176.645
52.4,9648.57, 173.067, 178.36
52.5,9645.23, 174.676, 180.09
52.6,9641.86, 176.299, 181.837
52.7,9638.46, 177.936, 183.6
52.8,9635.04, 179.587, 185.379
52.9,9631.57, 181.251, 187.175
53,9628.08, 182.93, 188.988
53.1,9624.56, 184.624, 190.817
53.2,9621.01, 186.331, 192.663
53.3,9617.42, 188.053, 194.527
53.4,9613.8, 189.79, 196.407
53.5,9610.16, 191.541, 198.305
53.6,9606.47, 193.307, 200.221
53.7,9602.76, 195.088, 202.154
53.8,9599.01, 196.884, 204.104
53.9,9595.23, 198.695, 206.073
54,9591.42, 200.521, 208.06
54.1,9587.57, 202.363, 210.066
54.2,9583.69, 204.219, 212.089
54.3,9579.78, 206.091, 214.131
54.4,9575.83, 207.979, 216.192
54.5,9571.85, 209.882, 218.272
54.6,9567.83, 211.802, 220.371
54.7,9563.78, 213.736, 222.489
54.8,9559.69, 215.687, 224.626
54.9,9555.56, 217.654, 226.783
55,9551.41, 219.637, 228.96
55.1,9547.21, 221.637, 231.156
55.2,9542.98, 223.652, 233.372
55.3,9538.71, 225.684, 235.609
55.4,9534.4, 227.733, 237.866
55.5,9530.06, 229.798, 240.143
55.6,9525.68, 231.88, 242.441
55.7,9521.26, 233.979, 244.76
55.8,9516.81, 236.095, 247.1
55.9,9512.31, 238.228, 249.461
56,9507.78, 240.378, 251.843
56.1,9503.21, 242.545, 254.247
56.2,9498.6, 244.729, 256.672
56.3,9493.95, 246.931, 259.119
56.4,9489.26, 249.151, 261.589
56.5,9484.53, 251.388, 264.08
56.6,9479.76, 253.642, 266.594
56.7,9474.96, 255.915, 269.131
56.8,9470.11, 258.205, 271.69
56.9,9465.22, 260.514, 274.272
57,9460.28, 262.84, 276.877
57.1,9455.31, 265.185, 279.505
57.2,9450.3, 267.548, 282.157
57.3,9445.24, 269.929, 284.833
57.4,9440.14, 272.329, 287.532
57.5,9435, 274.747, 290.255
57.6,9429.82, 277.184, 293.003
57.7,9424.59, 279.64, 295.775
57.8,9419.32, 282.115, 298.571
57.9,9414, 284.608, 301.392
58,9408.64, 287.121, 304.238
58.1,9403.24, 289.652, 307.109
58.2,9397.79, 292.203, 310.006
58.3,9392.3, 294.773, 312.928
58.4,9386.77, 297.363, 315.876
58.5,9381.18, 299.972, 318.849
58.6,9375.55, 302.6, 321.849
58.7,9369.88, 305.248, 324.875
58.8,9364.16, 307.916, 327.927
58.9,9358.39, 310.603, 331.007
59,9352.58, 313.311, 334.113
59.1,9346.72, 316.038, 337.246
59.2,9340.81, 318.786, 340.406
59.3,9334.86, 321.553, 343.594
59.4,9328.85, 324.341, 346.81
59.5,9322.8, 327.149, 350.053
59.6,9316.7, 329.978, 353.324
59.7,9310.55, 332.826, 356.624
59.8,9304.36, 335.696, 359.952
59.9,9298.11, 338.586, 363.309
60,9291.81, 341.496, 366.695
60.1,9285.47, 344.427, 370.11
60.2,9279.07, 347.38, 373.555
60.3,9272.62, 350.352, 377.028
60.4,9266.13, 353.346, 380.532
60.5,9259.58, 356.361, 384.065
60.6,9252.98, 359.397, 387.629
60.7,9246.33, 362.454, 391.223
60.8,9239.62, 365.532, 394.847
60.9,9232.87, 368.632, 398.503
61,9226.06, 371.752, 402.189
61.1,9219.2, 374.894, 405.907
61.2,9212.29, 378.058, 409.656
61.3,9205.33, 381.243, 413.436
61.4,9198.31, 384.449, 417.249
61.5,9191.23, 387.678, 421.093
61.6,9184.11, 390.927, 424.97
61.7,9176.93, 394.199, 428.879
61.8,9169.69, 397.492, 432.821
61.9,9162.4, 400.806, 436.796
62,9155.06, 404.143, 440.804
62.1,9147.66, 407.502, 444.845
62.2,9140.2, 410.882, 448.921
62.3,9132.69, 414.284, 453.029
62.4,9125.12, 417.708, 457.172
62.5,9117.5, 421.155, 461.349
62.6,9109.82, 424.623, 465.561
62.7,9102.08, 428.113, 469.807
62.8,9094.29, 431.625, 474.088
62.9,9086.44, 435.16, 478.404
63,9078.53, 438.716, 482.756
63.1,9070.57, 442.295, 487.143
63.2,9062.54, 445.896, 491.566
63.3,9054.46, 449.519, 496.025
63.4,9046.32, 453.164, 500.52
63.5,9038.12, 456.831, 505.052
63.6,9029.86, 460.52, 509.62
63.7,9021.55, 464.232, 514.225
63.8,9013.17, 467.966, 518.868
63.9,9004.74, 471.722, 523.547
64,8996.24, 475.5, 528.265
64.1,8987.68, 479.301, 533.02
64.2,8979.07, 483.123, 537.813
64.3,8970.39, 486.968, 542.644
64.4,8961.66, 490.835, 547.514
64.5,8952.86, 494.724, 552.422
64.6,8944, 498.635, 557.369
64.7,8935.08, 502.568, 562.356
64.8,8926.1, 506.524, 567.381
64.9,8917.06, 510.501, 572.446
65,8907.95, 514.5, 577.551
65.1,8898.79, 518.522, 582.696
65.2,8889.56, 522.565, 587.882
65.3,8880.27, 526.63, 593.107
65.4,8870.91, 530.717, 598.374
65.5,8861.5, 534.825, 603.681
65.6,8852.02, 538.956, 609.029
65.7,8842.48, 543.108, 614.419
65.8,8832.87, 547.282, 619.85
65.9,8823.2, 551.477, 625.323
66,8813.47, 555.694, 630.837
66.1,8803.68, 559.932, 636.394
66.2,8793.82, 564.192, 641.994
66.3,8783.9, 568.473, 647.636
66.4,8773.91, 572.775, 653.32
66.5,8763.86, 577.098, 659.048
66.6,8753.74, 581.442, 664.819
66.7,8743.56, 585.807, 670.633
66.8,8733.32, 590.193, 676.492
66.9,8723.01, 594.6, 682.393
67,8712.64, 599.027, 688.339
67.1,8702.2, 603.475, 694.33
67.2,8691.7, 607.944, 700.364
67.3,8681.13, 612.432, 706.444
67.4,8670.5, 616.941, 712.568
67.5,8659.8, 621.47, 718.738
67.6,8649.03, 626.019, 724.952
67.7,8638.2, 630.588, 731.213
67.8,8627.31, 635.176, 737.518
67.9,8616.35, 639.784, 743.87
68,8605.32, 644.412, 750.268
68.1,8594.23, 649.058, 756.712
68.2,8583.08, 653.724, 763.203
68.3,8571.86, 658.409, 769.74
68.4,8560.57, 663.112, 776.324
68.5,8549.21, 667.834, 782.955
68.6,8537.8, 672.575, 789.634
68.7,8526.31, 677.334, 796.359
68.8,8514.76, 682.111, 803.133
68.9,8503.14, 686.906, 809.954
69,8491.46, 691.718, 816.823
69.1,8479.72, 696.548, 823.74
69.2,8467.9, 701.396, 830.706
69.3,8456.02, 706.261, 837.719
69.4,8444.08, 711.143, 844.782
69.5,8432.07, 716.041, 851.894
69.6,8419.99, 720.956, 859.054
69.7,8407.85, 725.887, 866.263
69.8,8395.65, 730.835, 873.522
69.9,8383.38, 735.798, 880.831
70,8371.04, 740.777, 888.189
70.1,8358.64, 745.771, 895.596
70.2,8346.17, 750.781, 903.054
70.3,8333.64, 755.805, 910.562
70.4,8321.04, 760.845, 918.12
70.5,8308.38, 765.898, 925.728
70.6,8295.65, 770.966, 933.387
70.7,8282.86, 776.048, 941.097
70.8,8270, 781.143, 948.858
70.9,8257.08, 786.252, 956.669
71,8244.1, 791.373, 964.531
71.1,8231.05, 796.508, 972.445
71.2,8217.94, 801.655, 980.41
71.3,8204.76, 806.814, 988.427
71.4,8191.53, 811.986, 996.495
71.5,8178.22, 817.169, 1004.61
71.6,8164.86, 822.363, 1012.79
71.7,8151.43, 827.568, 1021.01
71.8,8137.94, 832.784, 1029.29
71.9,8124.38, 838.011, 1037.61
72,8110.77, 843.247, 1045.99
72.1,8097.09, 848.493, 1054.43
72.2,8083.35, 853.749, 1062.91
72.3,8069.54, 859.014, 1071.45
72.4,8055.68, 864.287, 1080.04
72.5,8041.76, 869.569, 1088.68
72.6,8027.77, 874.859, 1097.38
72.7,8013.72, 880.157, 1106.13
72.8,7999.62, 885.462, 1114.93
72.9,7985.45, 890.774, 1123.78
73,7971.22, 896.093, 1132.69
73.1,7956.94, 901.418, 1141.65
73.2,7942.59, 906.749, 1150.66
73.3,7928.19, 912.085, 1159.73
73.4,7913.73, 917.427, 1168.85
73.5,7899.21, 922.773, 1178.03
73.6,7884.63, 928.124, 1187.26
73.7,7869.99, 933.478, 1196.54
73.8,7855.3, 938.836, 1205.87
73.9,7840.55, 944.198, 1215.26
74,7825.74, 949.562, 1224.7
74.1,7810.88, 954.928, 1234.2
74.2,7795.96, 960.296, 1243.75
74.3,7780.99, 965.666, 1253.35
74.4,7765.96, 971.037, 1263.01
74.5,7750.88, 976.409, 1272.72
74.6,7735.75, 981.781, 1282.48
74.7,7720.56, 987.153, 1292.3
74.8,7705.31, 992.524, 1302.17
74.9,7690.02, 997.894, 1312.1
75,7674.67, 1003.26, 1322.07
75.1,7659.27, 1008.63, 1332.11
75.2,7643.82, 1013.99, 1342.19
75.3,7628.32, 1019.36, 1352.33
75.4,7612.77, 1024.71, 1362.53
75.5,7597.16, 1030.07, 1372.77
75.6,7581.51, 1035.42, 1383.07
75.7,7565.81, 1040.77, 1393.43
75.8,7550.06, 1046.11, 1403.84
75.9,7534.27, 1051.44, 1414.3
76,7518.42, 1056.77, 1424.81
76.1,7502.53, 1062.09, 1435.38
76.2,7486.6, 1067.41, 1446
76.3,7470.61, 1072.72, 1456.67
76.4,7454.59, 1078.02, 1467.4
76.5,7438.51, 1083.31, 1478.18
76.6,7422.4, 1088.59, 1489.02
76.7,7406.24, 1093.87, 1499.9
76.8,7390.04, 1099.13, 1510.84
76.9,7373.79, 1104.39, 1521.83
77,7357.5, 1109.63, 1532.87
77.1,7341.17, 1114.86, 1543.97
77.2,7324.81, 1120.08, 1555.12
77.3,7308.4, 1125.29, 1566.32
77.4,7291.95, 1130.48, 1577.57
77.5,7275.46, 1135.67, 1588.88
77.6,7258.94, 1140.83, 1600.23
77.7,7242.38, 1145.99, 1611.64
77.8,7225.78, 1151.13, 1623.1
77.9,7209.14, 1156.25, 1634.61
78,7192.47, 1161.36, 1646.18
78.1,7175.76, 1166.45, 1657.79
78.2,7159.02, 1171.53, 1669.46
78.3,7142.25, 1176.59, 1681.17
78.4,7125.44, 1181.63, 1692.94
78.5,7108.6, 1186.65, 1704.75
78.6,7091.73, 1191.66, 1716.62
78.7,7074.83, 1196.64, 1728.54
78.8,7057.9, 1201.61, 1740.5
78.9,7040.94, 1206.55, 1752.52
79,7023.94, 1211.48, 1764.58
79.1,7006.93, 1216.38, 1776.7
79.2,6989.88, 1221.26, 1788.86
79.3,6972.81, 1226.12, 1801.07
79.4,6955.71, 1230.96, 1813.34
79.5,6938.58, 1235.78, 1825.65
79.6,6921.43, 1240.57, 1838
79.7,6904.26, 1245.34, 1850.41
79.8,6887.07, 1250.08, 1862.86
79.9,6869.85, 1254.8, 1875.36
80,6852.61, 1259.49, 1887.91
80.1,6835.34, 1264.16, 1900.51
80.2,6818.06, 1268.8, 1913.15
80.3,6800.76, 1273.41, 1925.84
80.4,6783.44, 1278, 1938.57
80.5,6766.1, 1282.55, 1951.35
80.6,6748.75, 1287.08, 1964.18
80.7,6731.37, 1291.59, 1977.05
80.8,6713.99, 1296.06, 1989.96
80.9,6696.58, 1300.5, 2002.92
81,6679.16, 1304.91, 2015.93
81.1,6661.73, 1309.3, 2028.98
81.2,6644.29, 1313.65, 2042.07
81.3,6626.83, 1317.97, 2055.21
81.4,6609.36, 1322.26, 2068.39
81.5,6591.89, 1326.51, 2081.61
81.6,6574.4, 1330.74, 2094.87
81.7,6556.9, 1334.93, 2108.18
81.8,6539.39, 1339.08, 2121.53
81.9,6521.88, 1343.2, 2134.92
82,6504.36, 1347.29, 2148.35
82.1,6486.83, 1351.35, 2161.83
82.2,6469.3, 1355.37, 2175.34
82.3,6451.77, 1359.35, 2188.89
82.4,6434.22, 1363.3, 2202.49
82.5,6416.68, 1367.21, 2216.12
82.6,6399.14, 1371.08, 2229.79
82.7,6381.59, 1374.92, 2243.5
82.8,6364.04, 1378.72, 2257.25
82.9,6346.49, 1382.48, 2271.04
83,6328.94, 1386.2, 2284.86
83.1,6311.4, 1389.88, 2298.73
83.2,6293.85, 1393.53, 2312.62
83.3,6276.31, 1397.14, 2326.56
83.4,6258.77, 1400.7, 2340.53
83.5,6241.24, 1404.23, 2354.54
83.6,6223.71, 1407.71, 2368.58
83.7,6206.19, 1411.16, 2382.66
83.8,6188.67, 1414.56, 2396.77
83.9,6171.17, 1417.93, 2410.92
84,6153.67, 1421.25, 2425.09
84.1,6136.17, 1424.53, 2439.31
84.2,6118.69, 1427.76, 2453.55
84.3,6101.22, 1430.96, 2467.83
84.4,6083.76, 1434.11, 2482.14
84.5,6066.31, 1437.22, 2496.48
84.6,6048.87, 1440.28, 2510.85
84.7,6031.45, 1443.3, 2525.26
84.8,6014.04, 1446.28, 2539.69
84.9,5996.64, 1449.22, 2554.15
85,5979.26, 1452.1, 2568.64
85.1,5961.89, 1454.95, 2583.16
85.2,5944.55, 1457.75, 2597.71
85.3,5927.21, 1460.5, 2612.29
85.4,5909.9, 1463.21, 2626.9
85.5,5892.61, 1465.87, 2641.53
85.6,5875.33, 1468.49, 2656.19
85.7,5858.07, 1471.06, 2670.87
85.8,5840.84, 1473.58, 2685.58
85.9,5823.63, 1476.06, 2700.32
86,5806.43, 1478.49, 2715.08
86.1,5789.26, 1480.88, 2729.86
86.2,5772.12, 1483.22, 2744.67
86.3,5755, 1485.51, 2759.51
86.4,5737.9, 1487.75, 2774.36
86.5,5720.82, 1489.94, 2789.24
86.6,5703.78, 1492.09, 2804.14
86.7,5686.76, 1494.19, 2819.06
86.8,5669.76, 1496.25, 2834
86.9,5652.79, 1498.25, 2848.96
87,5635.86, 1500.21, 2863.95
87.1,5618.95, 1502.11, 2878.95
87.2,5602.07, 1503.97, 2893.97
87.3,5585.22, 1505.78, 2909.01
87.4,5568.4, 1507.55, 2924.07
87.5,5551.61, 1509.26, 2939.14
87.6,5534.85, 1510.93, 2954.23
87.7,5518.12, 1512.54, 2969.34
87.8,5501.43, 1514.11, 2984.47
87.9,5484.77, 1515.63, 2999.61
88,5468.14, 1517.1, 3014.77
88.1,5451.55, 1518.52, 3029.94
88.2,5435, 1519.89, 3045.12
88.3,5418.48, 1521.21, 3060.32
88.4,5401.99, 1522.48, 3075.53
88.5,5385.54, 1523.71, 3090.76
88.6,5369.13, 1524.88, 3105.99
88.7,5352.75, 1526.01, 3121.24
88.8,5336.42, 1527.09, 3136.5
88.9,5320.12, 1528.11, 3151.77
89,5303.86, 1529.09, 3167.06
89.1,5287.64, 1530.02, 3182.35
89.2,5271.46, 1530.9, 3197.65
89.3,5255.32, 1531.73, 3212.96
89.4,5239.22, 1532.51, 3228.27
89.5,5223.16, 1533.25, 3243.6
89.6,5207.15, 1533.93, 3258.93
89.7,5191.17, 1534.57, 3274.27
89.8,5175.24, 1535.15, 3289.62
89.9,5159.35, 1535.69, 3304.97
90,5143.5, 1536.18, 3320.32
90.1,5127.7, 1536.62, 3335.69
90.2,5111.94, 1537.01, 3351.05
90.3,5096.23, 1537.36, 3366.42
90.4,5080.56, 1537.65, 3381.8
90.5,5064.93, 1537.9, 3397.17
90.6,5049.35, 1538.1, 3412.55
90.7,5033.82, 1538.25, 3427.93
90.8,5018.33, 1538.36, 3443.32
90.9,5002.89, 1538.41, 3458.7
91,4987.5, 1538.42, 3474.08
91.1,4972.16, 1538.38, 3489.47
91.2,4956.86, 1538.3, 3504.85
91.3,4941.61, 1538.17, 3520.23
91.4,4926.41, 1537.99, 3535.62
91.5,4911.25, 1537.76, 3551
91.6,4896.15, 1537.49, 3566.37
91.7,4881.09, 1537.17, 3581.75
91.8,4866.09, 1536.8, 3597.12
91.9,4851.13, 1536.39, 3612.49
92,4836.22, 1535.93, 3627.85
92.1,4821.37, 1535.43, 3643.21
92.2,4806.56, 1534.88, 3658.56
92.3,4791.81, 1534.29, 3673.91
92.4,4777.1, 1533.65, 3689.26
92.5,4762.45, 1532.96, 3704.59
92.6,4747.85, 1532.24, 3719.92
92.7,4733.3, 1531.46, 3735.24
92.8,4718.8, 1530.65, 3750.56
92.9,4704.35, 1529.79, 3765.87
93,4689.96, 1528.88, 3781.16
93.1,4675.62, 1527.93, 3796.45
93.2,4661.33, 1526.94, 3811.73
93.3,4647.1, 1525.91, 3827
93.4,4632.92, 1524.83, 3842.26
93.5,4618.79, 1523.71, 3857.51
93.6,4604.71, 1522.55, 3872.75
93.7,4590.69, 1521.35, 3887.97
93.8,4576.72, 1520.1, 3903.18
93.9,4562.81, 1518.81, 3918.39
94,4548.95, 1517.49, 3933.57
94.1,4535.14, 1516.12, 3948.75
94.2,4521.39, 1514.71, 3963.91
94.3,4507.69, 1513.26, 3979.06
94.4,4494.05, 1511.77, 3994.19
94.5,4480.46, 1510.24, 4009.31
94.6,4466.93, 1508.67, 4024.41
94.7,4453.45, 1507.06, 4039.5
94.8,4440.03, 1505.41, 4054.57
94.9,4426.66, 1503.73, 4069.62
95,4413.35, 1502, 4084.66
95.1,4400.09, 1500.24, 4099.68
95.2,4386.89, 1498.44, 4114.68
95.3,4373.74, 1496.6, 4129.67
95.4,4360.65, 1494.73, 4144.63
95.5,4347.61, 1492.82, 4159.58
95.6,4334.63, 1490.87, 4174.51
95.7,4321.71, 1488.88, 4189.42
95.8,4308.84, 1486.86, 4204.3
95.9,4296.02, 1484.81, 4219.17
96,4283.27, 1482.72, 4234.02
96.1,4270.56, 1480.59, 4248.85
96.2,4257.92, 1478.43, 4263.65
96.3,4245.33, 1476.24, 4278.44
96.4,4232.79, 1474.01, 4293.2
96.5,4220.32, 1471.75, 4307.94
96.6,4207.89, 1469.45, 4322.66
96.7,4195.53, 1467.13, 4337.35
96.8,4183.22, 1464.77, 4352.02
96.9,4170.96, 1462.37, 4366.67
97,4158.76, 1459.95, 4381.29
97.1,4146.62, 1457.49, 4395.89
97.2,4134.53, 1455, 4410.47
97.3,4122.5, 1452.49, 4425.02
97.4,4110.52, 1449.94, 4439.54
97.5,4098.6, 1447.36, 4454.04
97.6,4086.74, 1444.75, 4468.52
97.7,4074.93, 1442.11, 4482.96
97.8,4063.18, 1439.44, 4497.38
97.9,4051.48, 1436.74, 4511.78
98,4039.84, 1434.02, 4526.15
98.1,4028.25, 1431.26, 4540.49
98.2,4016.72, 1428.48, 4554.8
98.3,4005.25, 1425.67, 4569.08
98.4,3993.83, 1422.84, 4583.34
98.5,3982.46, 1419.97, 4597.57
98.6,3971.15, 1417.08, 4611.77
98.7,3959.9, 1414.17, 4625.94
98.8,3948.7, 1411.23, 4640.08
98.9,3937.55, 1408.26, 4654.19
99,3926.46, 1405.27, 4668.28
99.1,3915.42, 1402.25, 4682.33
99.2,3904.44, 1399.21, 4696.35
99.3,3893.52, 1396.14, 4710.34
99.4,3882.65, 1393.05, 4724.31
99.5,3871.83, 1389.94, 4738.24
99.6,3861.07, 1386.8, 4752.14
99.7,3850.36, 1383.64, 4766
99.8,3839.7, 1380.46, 4779.84
99.9,3829.1, 1377.26, 4793.65
100,3818.55, 1374.03, 4807.42
100.1,3808.06, 1370.79, 4821.16
100.2,3797.62, 1367.52, 4834.87
100.3,3787.23, 1364.23, 4848.54
100.4,3776.9, 1360.92, 4862.18
100.5,3766.62, 1357.59, 4875.79
100.6,3756.39, 1354.24, 4889.37
100.7,3746.22, 1350.88, 4902.91
100.8,3736.1, 1347.49, 4916.42
100.9,3726.03, 1344.08, 4929.9
101,3716.01, 1340.66, 4943.34
101.1,3706.05, 1337.21, 4956.74
101.2,3696.14, 1333.75, 4970.11
101.3,3686.28, 1330.28, 4983.45
101.4,3676.47, 1326.78, 4996.75
101.5,3666.71, 1323.27, 5010.02
101.6,3657.01, 1319.74, 5023.26
101.7,3647.36, 1316.2, 5036.45
101.8,3637.76, 1312.64, 5049.61
101.9,3628.21, 1309.06, 5062.74
102,3618.71, 1305.47, 5075.83
102.1,3609.26, 1301.86, 5088.89
102.2,3599.86, 1298.24, 5101.91
102.3,3590.51, 1294.6, 5114.89
102.4,3581.22, 1290.95, 5127.83
102.5,3571.97, 1287.29, 5140.74
102.6,3562.77, 1283.61, 5153.62
102.7,3553.63, 1279.93, 5166.45
102.8,3544.53, 1276.22, 5179.25
102.9,3535.48, 1272.51, 5192.01
103,3526.49, 1268.78, 5204.74
103.1,3517.54, 1265.04, 5217.43
103.2,3508.64, 1261.29, 5230.08
103.3,3499.79, 1257.53, 5242.69
103.4,3490.99, 1253.76, 5255.27
103.5,3482.23, 1249.97, 5267.8
103.6,3473.53, 1246.18, 5280.3
103.7,3464.87, 1242.37, 5292.76
103.8,3456.26, 1238.56, 5305.19
103.9,3447.7, 1234.73, 5317.57
104,3439.18, 1230.9, 5329.92
104.1,3430.72, 1227.06, 5342.23
104.2,3422.3, 1223.21, 5354.5
104.3,3413.93, 1219.35, 5366.73
104.4,3405.6, 1215.48, 5378.93
104.5,3397.32, 1211.6, 5391.08
104.6,3389.09, 1207.72, 5403.2
104.7,3380.9, 1203.83, 5415.27
104.8,3372.76, 1199.93, 5427.31
104.9,3364.67, 1196.03, 5439.31
105,3356.62, 1192.11, 5451.27
105.1,3348.62, 1188.2, 5463.19
105.2,3340.66, 1184.27, 5475.07
105.3,3332.75, 1180.34, 5486.92
105.4,3324.88, 1176.41, 5498.72
105.5,3317.06, 1172.46, 5510.48
105.6,3309.28, 1168.52, 5522.21
105.7,3301.54, 1164.57, 5533.89
105.8,3293.86, 1160.61, 5545.54
105.9,3286.21, 1156.65, 5557.15
106,3278.61, 1152.69, 5568.71
106.1,3271.05, 1148.72, 5580.24
106.2,3263.53, 1144.74, 5591.73
106.3,3256.06, 1140.77, 5603.17
106.4,3248.63, 1136.79, 5614.58
106.5,3241.25, 1132.81, 5625.95
106.6,3233.9, 1128.82, 5637.28
106.7,3226.6, 1124.84, 5648.57
106.8,3219.34, 1120.85, 5659.81
106.9,3212.13, 1116.86, 5671.02
107,3204.95, 1112.86, 5682.19
107.1,3197.82, 1108.87, 5693.32
107.2,3190.73, 1104.87, 5704.41
107.3,3183.68, 1100.87, 5715.46
107.4,3176.67, 1096.87, 5726.47
107.5,3169.7, 1092.87, 5737.43
107.6,3162.77, 1088.87, 5748.36
107.7,3155.88, 1084.87, 5759.25
107.8,3149.03, 1080.87, 5770.1
107.9,3142.23, 1076.87, 5780.91
108,3135.46, 1072.87, 5791.68
108.1,3128.73, 1068.87, 5802.41
108.2,3122.04, 1064.87, 5813.09
108.3,3115.39, 1060.87, 5823.74
108.4,3108.78, 1056.87, 5834.35
108.5,3102.21, 1052.87, 5844.92
108.6,3095.68, 1048.87, 5855.45
108.7,3089.19, 1044.88, 5865.94
108.8,3082.73, 1040.89, 5876.39
108.9,3076.31, 1036.9, 5886.8
109,3069.93, 1032.91, 5897.17
109.1,3063.59, 1028.92, 5907.49
109.2,3057.29, 1024.93, 5917.78
109.3,3051.02, 1020.95, 5928.03
109.4,3044.79, 1016.97, 5938.24
109.5,3038.6, 1012.99, 5948.41
109.6,3032.44, 1009.02, 5958.54
109.7,3026.32, 1005.05, 5968.63
109.8,3020.24, 1001.08, 5978.68
109.9,3014.19, 997.12, 5988.69
110,3008.18, 993.159, 5998.66
110.1,3002.21, 989.203, 6008.6
110.2,2996.27, 985.25, 6018.49
110.3,2990.36, 981.302, 6028.34
110.4,2984.49, 977.358, 6038.15
110.5,2978.66, 973.418, 6047.93
110.6,2972.86, 969.483, 6057.66
110.7,2967.1, 965.552, 6067.36
110.8,2961.37, 961.627, 6077.01
110.9,2955.67, 957.706, 6086.63
111,2950.01, 953.79, 6096.21
111.1,2944.38, 949.88, 6105.74
111.2,2938.79, 945.974, 6115.24
111.3,2933.23, 942.075, 6124.7
111.4,2927.7, 938.18, 6134.12
111.5,2922.21, 934.292, 6143.51
111.6,2916.75, 930.41, 6152.85
111.7,2911.32, 926.533, 6162.15
111.8,2905.93, 922.663, 6171.42
111.9,2900.56, 918.798, 6180.64
112,2895.23, 914.94, 6189.83
112.1,2889.94, 911.089, 6198.98
112.2,2884.67, 907.244, 6208.09
112.3,2879.44, 903.406, 6217.16
112.4,2874.23, 899.574, 6226.2
112.5,2869.06, 895.75, 6235.19
112.6,2863.92, 891.932, 6244.15
112.7,2858.81, 888.122, 6253.07
112.8,2853.73, 884.318, 6261.95
112.9,2848.69, 880.522, 6270.8
113,2843.67, 876.734, 6279.6
113.1,2838.68, 872.953, 6288.37
113.2,2833.73, 869.179, 6297.1
113.3,2828.8, 865.414, 6305.79
113.4,2823.91, 861.656, 6314.44
113.5,2819.04, 857.905, 6323.06
113.6,2814.2, 854.163, 6331.64
113.7,2809.4, 850.429, 6340.18
113.8,2804.62, 846.703, 6348.69
113.9,2799.87, 842.986, 6357.15
114,2795.15, 839.276, 6365.58
114.1,2790.46, 835.575, 6373.98
114.2,2785.79, 831.883, 6382.33
114.3,2781.16, 828.199, 6390.65
114.4,2776.55, 824.524, 6398.93
114.5,2771.97, 820.857, 6407.18
114.6,2767.42, 817.199, 6415.39
114.7,2762.9, 813.55, 6423.56
114.8,2758.4, 809.91, 6431.69
114.9,2753.93, 806.279, 6439.79
115,2749.49, 802.658, 6447.86
115.1,2745.08, 799.045, 6455.88
115.2,2740.69, 795.441, 6463.87
115.3,2736.33, 791.847, 6471.83
115.4,2732, 788.262, 6479.75
115.5,2727.69, 784.686, 6487.63
115.6,2723.41, 781.12, 6495.47
115.7,2719.16, 777.564, 6503.29
115.8,2714.93, 774.017, 6511.06
115.9,2710.73, 770.479, 6518.8
116,2706.55, 766.952, 6526.51
116.1,2702.4, 763.434, 6534.18
116.2,2698.27, 759.926, 6541.81
116.3,2694.17, 756.427, 6549.41
116.4,2690.09, 752.939, 6556.97
116.5,2686.04, 749.46, 6564.5
116.6,2682.02, 745.992, 6572
116.7,2678.01, 742.534, 6579.46
116.8,2674.04, 739.085, 6586.88
116.9,2670.09, 735.647, 6594.27
117,2666.16, 732.219, 6601.63
117.1,2662.25, 728.801, 6608.95
117.2,2658.37, 725.394, 6616.24
117.3,2654.51, 721.997, 6623.49
117.4,2650.68, 718.61, 6630.71
117.5,2646.87, 715.233, 6637.9
117.6,2643.09, 711.867, 6645.05
117.7,2639.32, 708.512, 6652.17
117.8,2635.58, 705.166, 6659.26
117.9,2631.87, 701.832, 6666.31
118,2628.17, 698.508, 6673.33
118.1,2624.5, 695.194, 6680.31
118.2,2620.85, 691.891, 6687.26
118.3,2617.22, 688.599, 6694.18
118.4,2613.62, 685.318, 6701.07
118.5,2610.04, 682.047, 6707.92
118.6,2606.48, 678.787, 6714.74
118.7,2602.94, 675.537, 6721.53
118.8,2599.42, 672.299, 6728.29
118.9,2595.93, 669.071, 6735.01
119,2592.45, 665.854, 6741.7
119.1,2589, 662.648, 6748.36
119.2,2585.57, 659.452, 6754.98
119.3,2582.16, 656.268, 6761.58
119.4,2578.77, 653.094, 6768.14
119.5,2575.4, 649.932, 6774.67
119.6,2572.05, 646.78, 6781.17
119.7,2568.73, 643.64, 6787.64
119.8,2565.42, 640.51, 6794.08
119.9,2562.13, 637.391, 6800.48
120,2558.87, 634.283, 6806.86
120.1,2555.62, 631.187, 6813.2
120.2,2552.4, 628.101, 6819.51
120.3,2549.19, 625.026, 6825.79
120.4,2546, 621.963, 6832.04
120.5,2542.84, 618.91, 6838.26
120.6,2539.69, 615.868, 6844.45
120.7,2536.56, 612.838, 6850.61
120.8,2533.45, 609.819, 6856.74
120.9,2530.36, 606.81, 6862.84
121,2527.29, 603.813, 6868.9
121.1,2524.24, 600.827, 6874.94
121.2,2521.21, 597.852, 6880.95
121.3,2518.19, 594.888, 6886.93
121.4,2515.19, 591.935, 6892.88
121.5,2512.22, 588.993, 6898.8
121.6,2509.26, 586.063, 6904.69
121.7,2506.32, 583.143, 6910.55
121.8,2503.39, 580.235, 6916.38
121.9,2500.49, 577.338, 6922.18
122,2497.6, 574.452, 6927.96
122.1,2494.73, 571.577, 6933.7
122.2,2491.88, 568.713, 6939.42
122.3,2489.05, 565.86, 6945.1
122.4,2486.23, 563.018, 6950.76
122.5,2483.43, 560.188, 6956.39
122.6,2480.65, 557.368, 6961.99
122.7,2477.88, 554.56, 6967.57
122.8,2475.13, 551.762, 6973.11
122.9,2472.4, 548.976, 6978.63
123,2469.69, 546.201, 6984.12
123.1,2466.99, 543.437, 6989.58
123.2,2464.31, 540.684, 6995.02
123.3,2461.64, 537.942, 7000.42
123.4,2458.99, 535.211, 7005.8
123.5,2456.36, 532.491, 7011.15
123.6,2453.75, 529.782, 7016.48
123.7,2451.15, 527.084, 7021.78
123.8,2448.56, 524.397, 7027.05
123.9,2445.99, 521.721, 7032.29
124,2443.44, 519.056, 7037.51
124.1,2440.91, 516.402, 7042.7
124.2,2438.38, 513.759, 7047.86
124.3,2435.88, 511.127, 7053
124.4,2433.39, 508.506, 7058.11
124.5,2430.91, 505.896, 7063.2
124.6,2428.45, 503.296, 7068.26
124.7,2426.01, 500.708, 7073.29
124.8,2423.58, 498.13, 7078.3
124.9,2421.17, 495.563, 7083.28
125,2418.77, 493.007, 7088.23
125.1,2416.38, 490.462, 7093.16
125.2,2414.01, 487.928, 7098.07
125.3,2411.66, 485.404, 7102.95
125.4,2409.31, 482.891, 7107.8
125.5,2406.99, 480.389, 7112.63
125.6,2404.67, 477.898, 7117.44
125.7,2402.38, 475.418, 7122.21
125.8,2400.09, 472.948, 7126.97
125.9,2397.82, 470.488, 7131.7
126,2395.57, 468.04, 7136.4
126.1,2393.32, 465.602, 7141.08
126.2,2391.09, 463.175, 7145.74
126.3,2388.88, 460.758, 7150.37
126.4,2386.68, 458.352, 7154.98
126.5,2384.49, 455.956, 7159.56
126.6,2382.32, 453.571, 7164.12
126.7,2380.15, 451.196, 7168.66
126.8,2378.01, 448.832, 7173.17
126.9,2375.87, 446.478, 7177.66
127,2373.75, 444.135, 7182.12
127.1,2371.64, 441.802, 7186.56
127.2,2369.55, 439.48, 7190.98
127.3,2367.46, 437.168, 7195.38
127.4,2365.39, 434.866, 7199.75
127.5,2363.34, 432.575, 7204.1
127.6,2361.29, 430.294, 7208.42
127.7,2359.26, 428.023, 7212.73
127.8,2357.24, 425.762, 7217.01
127.9,2355.23, 423.512, 7221.26
128,2353.24, 421.272, 7225.5
128.1,2351.25, 419.042, 7229.71
128.2,2349.28, 416.822, 7233.9
128.3,2347.33, 414.612, 7238.07
128.4,2345.38, 412.412, 7242.22
128.5,2343.44, 410.223, 7246.34
128.6,2341.52, 408.043, 7250.44
128.7,2339.61, 405.874, 7254.52
128.8,2337.71, 403.714, 7258.58
128.9,2335.82, 401.564, 7262.62
129,2333.95, 399.425, 7266.63
129.1,2332.08, 397.295, 7270.63
129.2,2330.23, 395.175, 7274.6
129.3,2328.39, 393.065, 7278.55
129.4,2326.56, 390.965, 7282.48
129.5,2324.74, 388.874, 7286.39
129.6,2322.93, 386.794, 7290.28
129.7,2321.13, 384.723, 7294.15
129.8,2319.35, 382.661, 7298
129.9,2317.57, 380.61, 7301.82
130,2315.81, 378.568, 7305.63
130.1,2314.06, 376.536, 7309.42
130.2,2312.31, 374.513, 7313.18
130.3,2310.58, 372.5, 7316.93
130.4,2308.86, 370.496, 7320.65
130.5,2307.15, 368.502, 7324.36
130.6,2305.45, 366.517, 7328.04
130.7,2303.76, 364.542, 7331.71
130.8,2302.08, 362.576, 7335.35
130.9,2300.41, 360.62, 7338.98
131,2298.75, 358.673, 7342.58
131.1,2297.1, 356.735, 7346.17
131.2,2295.46, 354.807, 7349.74
131.3,2293.83, 352.888, 7353.29
131.4,2292.21, 350.978, 7356.82
131.5,2290.61, 349.077, 7360.33
131.6,2289.01, 347.185, 7363.82
131.7,2287.42, 345.303, 7367.29
131.8,2285.84, 343.43, 7370.74
131.9,2284.27, 341.565, 7374.17
132,2282.71, 339.71, 7377.59
132.1,2281.16, 337.864, 7380.99
132.2,2279.61, 336.027, 7384.37
132.3,2278.08, 334.198, 7387.73
132.4,2276.56, 332.379, 7391.07
132.5,2275.05, 330.569, 7394.39
132.6,2273.54, 328.767, 7397.7
132.7,2272.05, 326.974, 7400.98
132.8,2270.56, 325.19, 7404.25
132.9,2269.08, 323.415, 7407.51
133,2267.62, 321.649, 7410.74
133.1,2266.16, 319.891, 7413.96
133.2,2264.71, 318.142, 7417.16
133.3,2263.27, 316.402, 7420.34
133.4,2261.83, 314.67, 7423.5
133.5,2260.41, 312.947, 7426.65
133.6,2259, 311.232, 7429.78
133.7,2257.59, 309.526, 7432.89
133.8,2256.19, 307.828, 7435.98
133.9,2254.8, 306.139, 7439.06
134,2253.42, 304.458, 7442.12
134.1,2252.05, 302.786, 7445.17
134.2,2250.69, 301.121, 7448.2
134.3,2249.33, 299.466, 7451.21
134.4,2247.98, 297.818, 7454.2
134.5,2246.65, 296.179, 7457.18
134.6,2245.32, 294.548, 7460.14
134.7,2243.99, 292.925, 7463.09
134.8,2242.68, 291.311, 7466.02
134.9,2241.37, 289.704, 7468.93
135,2240.07, 288.106, 7471.83
135.1,2238.78, 286.516, 7474.71
135.2,2237.5, 284.933, 7477.57
135.3,2236.22, 283.359, 7480.42
135.4,2234.96, 281.793, 7483.26
135.5,2233.7, 280.234, 7486.07
135.6,2232.44, 278.684, 7488.88
135.7,2231.2, 277.141, 7491.66
135.8,2229.96, 275.607, 7494.43
135.9,2228.73, 274.08, 7497.19
136,2227.51, 272.561, 7499.93
136.1,2226.3, 271.049, 7502.66
136.2,2225.09, 269.546, 7505.37
136.3,2223.89, 268.05, 7508.06
136.4,2222.7, 266.561, 7510.74
136.5,2221.51, 265.081, 7513.41
136.6,2220.34, 263.608, 7516.06
136.7,2219.17, 262.142, 7518.7
136.8,2218, 260.684, 7521.32
136.9,2216.85, 259.234, 7523.92
137,2215.7, 257.791, 7526.52
137.1,2214.55, 256.355, 7529.09
137.2,2213.42, 254.927, 7531.66
137.3,2212.29, 253.507, 7534.21
137.4,2211.17, 252.093, 7536.74
137.5,2210.05, 250.687, 7539.26
137.6,2208.95, 249.288, 7541.77
137.7,2207.84, 247.897, 7544.26
137.8,2206.75, 246.512, 7546.74
137.9,2205.66, 245.135, 7549.21
138,2204.58, 243.765, 7551.66
138.1,2203.51, 242.402, 7554.1
138.2,2202.44, 241.047, 7556.52
138.3,2201.38, 239.698, 7558.93
138.4,2200.32, 238.356, 7561.33
138.5,2199.27, 237.022, 7563.71
138.6,2198.23, 235.694, 7566.08
138.7,2197.19, 234.373, 7568.44
138.8,2196.16, 233.059, 7570.78
138.9,2195.14, 231.753, 7573.11
139,2194.12, 230.452, 7575.43
139.1,2193.11, 229.159, 7577.73
139.2,2192.11, 227.873, 7580.03
139.3,2191.11, 226.593, 7582.3
139.4,2190.11, 225.32, 7584.57
139.5,2189.13, 224.054, 7586.82
139.6,2188.15, 222.794, 7589.06
139.7,2187.17, 221.541, 7591.29
139.8,2186.2, 220.295, 7593.51
139.9,2185.24, 219.055, 7595.71
140,2184.28, 217.822, 7597.9
140.1,2183.33, 216.595, 7600.08
140.2,2182.38, 215.375, 7602.25
140.3,2181.44, 214.162, 7604.4
140.4,2180.51, 212.954, 7606.54
140.5,2179.58, 211.754, 7608.67
140.6,2178.66, 210.559, 7610.79
140.7,2177.74, 209.371, 7612.89
140.8,2176.83, 208.189, 7614.99
140.9,2175.92, 207.014, 7617.07
141,2175.02, 205.844, 7619.14
141.1,2174.13, 204.681, 7621.2
141.2,2173.24, 203.525, 7623.25
141.3,2172.35, 202.374, 7625.28
141.4,2171.47, 201.229, 7627.3
141.5,2170.6, 200.091, 7629.32
141.6,2169.73, 198.959, 7631.32
141.7,2168.87, 197.833, 7633.31
141.8,2168.01, 196.712, 7635.29
141.9,2167.15, 195.598, 7637.25
142,2166.31, 194.49, 7639.21
142.1,2165.46, 193.388, 7641.15
142.2,2164.63, 192.291, 7643.09
142.3,2163.79, 191.201, 7645.01
142.4,2162.97, 190.116, 7646.92
142.5,2162.14, 189.038, 7648.82
142.6,2161.33, 187.965, 7650.71
142.7,2160.51, 186.898, 7652.59
142.8,2159.71, 185.836, 7654.46
142.9,2158.9, 184.781, 7656.32
143,2158.11, 183.731, 7658.17
143.1,2157.31, 182.686, 7660.01
143.2,2156.52, 181.648, 7661.83
143.3,2155.74, 180.615, 7663.65
143.4,2154.96, 179.587, 7665.46
143.5,2154.19, 178.565, 7667.25
143.6,2153.42, 177.549, 7669.04
143.7,2152.65, 176.538, 7670.81
143.8,2151.89, 175.533, 7672.58
143.9,2151.14, 174.533, 7674.33
144,2150.39, 173.539, 7676.08
144.1,2149.64, 172.55, 7677.81
144.2,2148.9, 171.566, 7679.54
144.3,2148.16, 170.588, 7681.26
144.4,2147.43, 169.615, 7682.96
144.5,2146.7, 168.647, 7684.66
144.6,2145.98, 167.685, 7686.35
144.7,2145.26, 166.727, 7688.02
144.8,2144.54, 165.775, 7689.69
144.9,2143.83, 164.829, 7691.35
145,2143.12, 163.887, 7693
145.1,2142.42, 162.951, 7694.63
145.2,2141.72, 162.019, 7696.26
145.3,2141.03, 161.093, 7697.88
145.4,2140.34, 160.172, 7699.49
145.5,2139.65, 159.256, 7701.1
145.6,2138.97, 158.345, 7702.69
145.7,2138.3, 157.439, 7704.27
145.8,2137.62, 156.538, 7705.85
145.9,2136.95, 155.642, 7707.41
146,2136.29, 154.751, 7708.97
146.1,2135.63, 153.864, 7710.52
146.2,2134.97, 152.983, 7712.05
146.3,2134.32, 152.106, 7713.58
146.4,2133.67, 151.234, 7715.11
146.5,2133.02, 150.367, 7716.62
146.6,2132.38, 149.505, 7718.12
146.7,2131.74, 148.648, 7719.62
146.8,2131.11, 147.795, 7721.1
146.9,2130.48, 146.947, 7722.58
147,2129.85, 146.104, 7724.05
147.1,2129.23, 145.265, 7725.51
147.2,2128.61, 144.431, 7726.96
147.3,2128, 143.601, 7728.41
147.4,2127.39, 142.777, 7729.84
147.5,2126.78, 141.956, 7731.27
147.6,2126.17, 141.141, 7732.69
147.7,2125.57, 140.329, 7734.1
147.8,2124.98, 139.523, 7735.51
147.9,2124.38, 138.72, 7736.9
148,2123.8, 137.923, 7738.29
148.1,2123.21, 137.129, 7739.67
148.2,2122.63, 136.34, 7741.04
148.3,2122.05, 135.556, 7742.4
148.4,2121.47, 134.775, 7743.76
148.5,2120.9, 133.999, 7745.11
148.6,2120.33, 133.228, 7746.45
148.7,2119.77, 132.461, 7747.78
148.8,2119.21, 131.698, 7749.1
148.9,2118.65, 130.939, 7750.42
149,2118.09, 130.184, 7751.73
149.1,2117.54, 129.434, 7753.03
149.2,2116.99, 128.688, 7754.33
149.3,2116.45, 127.946, 7755.61
149.4,2115.91, 127.208, 7756.89
149.5,2115.37, 126.474, 7758.16
149.6,2114.83, 125.744, 7759.43
149.7,2114.3, 125.019, 7760.69
149.8,2113.77, 124.297, 7761.94
149.9,2113.25, 123.58, 7763.18
150,2112.73, 122.866, 7764.41
150.1,2112.21, 122.157, 7765.64
150.2,2111.69, 121.451, 7766.86
150.3,2111.18, 120.75, 7768.08
150.4,2110.67, 120.052, 7769.29
150.5,2110.16, 119.358, 7770.49
150.6,2109.66, 118.668, 7771.68
150.7,2109.16, 117.982, 7772.87
150.8,2108.66, 117.3, 7774.05
150.9,2108.16, 116.622, 7775.22
151,2107.67, 115.947, 7776.39
151.1,2107.18, 115.277, 7777.55
151.2,2106.7, 114.61, 7778.7
151.3,2106.22, 113.947, 7779.84
151.4,2105.74, 113.287, 7780.98
151.5,2105.26, 112.631, 7782.12
151.6,2104.78, 111.979, 7783.24
151.7,2104.31, 111.331, 7784.36
151.8,2103.84, 110.686, 7785.48
151.9,2103.38, 110.045, 7786.58
152,2102.92, 109.407, 7787.68
152.1,2102.46, 108.774, 7788.78
152.2,2102, 108.143, 7789.87
152.3,2101.54, 107.516, 7790.95
152.4,2101.09, 106.893, 7792.02
152.5,2100.64, 106.273, 7793.09
152.6,2100.2, 105.657, 7794.15
152.7,2099.75, 105.044, 7795.21
152.8,2099.31, 104.435, 7796.26
152.9,2098.87, 103.829, 7797.31
153,2098.44, 103.227, 7798.34
153.1,2098, 102.628, 7799.38
153.2,2097.57, 102.032, 7800.4
153.3,2097.14, 101.44, 7801.42
153.4,2096.72, 100.851, 7802.44
153.5,2096.3, 100.265, 7803.44
153.6,2095.88, 99.6829, 7804.45
153.7,2095.46, 99.104, 7805.44
153.8,2095.04, 98.5283, 7806.44
153.9,2094.63, 97.9558, 7807.42
154,2094.22, 97.3866, 7808.4
154.1,2093.81, 96.8206, 7809.37
154.2,2093.41, 96.2579, 7810.34
154.3,2093, 95.6983, 7811.3
154.4,2092.6, 95.1419, 7812.26
154.5,2092.2, 94.5887, 7813.21
154.6,2091.81, 94.0386, 7814.16
154.7,2091.41, 93.4916, 7815.1
154.8,2091.02, 92.9478, 7816.03
154.9,2090.64, 92.407, 7816.96
155,2090.25, 91.8693, 7817.89
155.1,2089.86, 91.3347, 7818.81
155.2,2089.48, 90.8031, 7819.72
155.3,2089.1, 90.2745, 7820.63
155.4,2088.73, 89.749, 7821.53
155.5,2088.35, 89.2264, 7822.43
155.6,2087.98, 88.7068, 7823.32
155.7,2087.61, 88.1902, 7824.21
155.8,2087.24, 87.6765, 7825.09
155.9,2086.87, 87.1657, 7825.97
156,2086.51, 86.6579, 7826.84
156.1,2086.15, 86.1529, 7827.71
156.2,2085.79, 85.6509, 7828.57
156.3,2085.43, 85.1516, 7829.42
156.4,2085.08, 84.6553, 7830.27
156.5,2084.72, 84.1618, 7831.12
156.6,2084.37, 83.6711, 7831.96
156.7,2084.02, 83.1831, 7832.8
156.8,2083.68, 82.698, 7833.63
156.9,2083.33, 82.2157, 7834.46
157,2082.99, 81.7361, 7835.28
157.1,2082.65, 81.2592, 7836.1
157.2,2082.31, 80.7851, 7836.91
157.3,2081.97, 80.3137, 7837.72
157.4,2081.64, 79.845, 7838.52
157.5,2081.31, 79.379, 7839.32
157.6,2080.98, 78.9156, 7840.11
157.7,2080.65, 78.4549, 7840.9
157.8,2080.32, 77.9968, 7841.69
157.9,2080, 77.5413, 7842.47
158,2079.68, 77.0885, 7843.24
158.1,2079.36, 76.6383, 7844.01
158.2,2079.04, 76.1906, 7844.78
158.3,2078.72, 75.7455, 7845.54
158.4,2078.4, 75.3029, 7846.3
158.5,2078.09, 74.8629, 7847.05
158.6,2077.78, 74.4254, 7847.8
158.7,2077.47, 73.9905, 7848.55
158.8,2077.16, 73.558, 7849.29
158.9,2076.86, 73.128, 7850.02
159,2076.55, 72.7005, 7850.75
159.1,2076.25, 72.2754, 7851.48
159.2,2075.95, 71.8528, 7852.2
159.3,2075.65, 71.4326, 7852.92
159.4,2075.36, 71.0148, 7853.63
159.5,2075.06, 70.5994, 7854.34
159.6,2074.77, 70.1864, 7855.05
159.7,2074.48, 69.7758, 7855.75
159.8,2074.19, 69.3675, 7856.45
159.9,2073.9, 68.9616, 7857.14
160,2073.62, 68.558, 7857.83
160.1,2073.33, 68.1568, 7858.52
160.2,2073.05, 67.7578, 7859.2
160.3,2072.77, 67.3612, 7859.88
160.4,2072.49, 66.9668, 7860.55
160.5,2072.21, 66.5747, 7861.22
160.6,2071.93, 66.1849, 7861.89
160.7,2071.66, 65.7973, 7862.55
160.8,2071.39, 65.4119, 7863.21
160.9,2071.12, 65.0288, 7863.86
161,2070.85, 64.6479, 7864.51
161.1,2070.58, 64.2692, 7865.16
161.2,2070.31, 63.8926, 7865.8
161.3,2070.05, 63.5183, 7866.44
161.4,2069.79, 63.146, 7867.08
161.5,2069.52, 62.776, 7867.71
161.6,2069.26, 62.4081, 7868.33
161.7,2069.01, 62.0422, 7868.96
161.8,2068.75, 61.6786, 7869.58
161.9,2068.49, 61.317, 7870.2
162,2068.24, 60.9575, 7870.81
162.1,2067.99, 60.6, 7871.42
162.2,2067.74, 60.2447, 7872.02
162.3,2067.49, 59.8914, 7872.63
162.4,2067.24, 59.5401, 7873.23
162.5,2066.99, 59.1909, 7873.82
162.6,2066.75, 58.8437, 7874.41
162.7,2066.51, 58.4985, 7875
162.8,2066.27, 58.1552, 7875.59
162.9,2066.03, 57.814, 7876.17
163,2065.79, 57.4748, 7876.75
163.1,2065.55, 57.1375, 7877.32
163.2,2065.31, 56.8021, 7877.89
163.3,2065.08, 56.4688, 7878.46
163.4,2064.84, 56.1373, 7879.02
163.5,2064.61, 55.8077, 7879.59
163.6,2064.38, 55.4801, 7880.14
163.7,2064.15, 55.1544, 7880.7
163.8,2063.93, 54.8305, 7881.25
163.9,2063.7, 54.5086, 7881.8
164,2063.47, 54.1884, 7882.34
164.1,2063.25, 53.8702, 7882.89
164.2,2063.03, 53.5538, 7883.42
164.3,2062.81, 53.2392, 7883.96
164.4,2062.59, 52.9265, 7884.49
164.5,2062.37, 52.6155, 7885.02
164.6,2062.15, 52.3064, 7885.55
164.7,2061.94, 51.9991, 7886.07
164.8,2061.72, 51.6935, 7886.59
164.9,2061.51, 51.3897, 7887.11
165,2061.3, 51.0877, 7887.62
165.1,2061.09, 50.7875, 7888.13
165.2,2060.88, 50.4889, 7888.64
165.3,2060.67, 50.1922, 7889.15
165.4,2060.46, 49.8971, 7889.65
165.5,2060.26, 49.6037, 7890.15
165.6,2060.05, 49.3121, 7890.64
165.7,2059.85, 49.0221, 7891.14
165.8,2059.65, 48.7339, 7891.63
165.9,2059.45, 48.4473, 7892.11
166,2059.25, 48.1624, 7892.6
166.1,2059.05, 47.8791, 7893.08
166.2,2058.85, 47.5975, 7893.56
166.3,2058.66, 47.3175, 7894.03
166.4,2058.46, 47.0391, 7894.51
166.5,2058.27, 46.7624, 7894.98
166.6,2058.07, 46.4873, 7895.44
166.7,2057.88, 46.2138, 7895.91
166.8,2057.69, 45.9418, 7896.37
166.9,2057.5, 45.6715, 7896.83
167,2057.32, 45.4027, 7897.29
167.1,2057.13, 45.1355, 7897.74
167.2,2056.94, 44.8698, 7898.19
167.3,2056.76, 44.6057, 7898.64
167.4,2056.58, 44.3431, 7899.09
167.5,2056.39, 44.0821, 7899.53
167.6,2056.21, 43.8226, 7899.97
167.7,2056.03, 43.5646, 7900.41
167.8,2055.85, 43.3081, 7900.85
167.9,2055.67, 43.0531, 7901.28
168,2055.5, 42.7995, 7901.71
168.1,2055.32, 42.5475, 7902.14
168.2,2055.15, 42.2969, 7902.56
168.3,2054.97, 42.0478, 7902.99
168.4,2054.8, 41.8001, 7903.41
168.5,2054.63, 41.5539, 7903.82
168.6,2054.46, 41.3091, 7904.24
168.7,2054.29, 41.0658, 7904.65
168.8,2054.12, 40.8238, 7905.06
168.9,2053.95, 40.5833, 7905.47
169,2053.78, 40.3442, 7905.88
169.1,2053.62, 40.1065, 7906.28
169.2,2053.45, 39.8701, 7906.68
169.3,2053.29, 39.6352, 7907.08
169.4,2053.13, 39.4016, 7907.48
169.5,2052.97, 39.1694, 7907.87
169.6,2052.8, 38.9385, 7908.26
169.7,2052.64, 38.709, 7908.65
169.8,2052.49, 38.4808, 7909.04
169.9,2052.33, 38.2539, 7909.42
170,2052.17, 38.0284, 7909.81
170.1,2052.01, 37.8042, 7910.19
170.2,2051.86, 37.5813, 7910.56
170.3,2051.71, 37.3597, 7910.94
170.4,2051.55, 37.1394, 7911.31
170.5,2051.4, 36.9204, 7911.69
170.6,2051.25, 36.7027, 7912.05
170.7,2051.1, 36.4863, 7912.42
170.8,2050.95, 36.2711, 7912.79
170.9,2050.8, 36.0571, 7913.15
171,2050.65, 35.8445, 7913.51
171.1,2050.5, 35.633, 7913.87
171.2,2050.36, 35.4228, 7914.22
171.3,2050.21, 35.2139, 7914.58
171.4,2050.07, 35.0061, 7914.93
171.5,2049.93, 34.7996, 7915.28
171.6,2049.78, 34.5942, 7915.63
171.7,2049.64, 34.3901, 7915.97
171.8,2049.5, 34.1872, 7916.32
171.9,2049.36, 33.9855, 7916.66
172,2049.22, 33.7849, 7917
172.1,2049.08, 33.5855, 7917.34
172.2,2048.94, 33.3873, 7917.67
172.3,2048.81, 33.1903, 7918.01
172.4,2048.67, 32.9944, 7918.34
172.5,2048.54, 32.7996, 7918.67
172.6,2048.4, 32.606, 7919
172.7,2048.27, 32.4135, 7919.32
172.8,2048.14, 32.2221, 7919.65
172.9,2048, 32.0319, 7919.97
173,2047.87, 31.8428, 7920.29
173.1,2047.74, 31.6548, 7920.61
173.2,2047.61, 31.4679, 7920.93
173.3,2047.48, 31.2821, 7921.24
173.4,2047.36, 31.0974, 7921.55
173.5,2047.23, 30.9137, 7921.86
173.6,2047.1, 30.7312, 7922.17
173.7,2046.98, 30.5497, 7922.48
173.8,2046.85, 30.3692, 7922.79
173.9,2046.73, 30.1899, 7923.09
174,2046.6, 30.0115, 7923.39
174.1,2046.48, 29.8343, 7923.69
174.2,2046.36, 29.658, 7923.99
174.3,2046.24, 29.4828, 7924.29
174.4,2046.12, 29.3087, 7924.58
174.5,2046, 29.1355, 7924.87
174.6,2045.88, 28.9634, 7925.17
174.7,2045.76, 28.7923, 7925.46
174.8,2045.64, 28.6221, 7925.74
174.9,2045.52, 28.453, 7926.03
175,2045.41, 28.2849, 7926.31
175.1,2045.29, 28.1178, 7926.6
175.2,2045.18, 27.9516, 7926.88
175.3,2045.06, 27.7864, 7927.16
175.4,2044.95, 27.6222, 7927.44
175.5,2044.83, 27.459, 7927.71
175.6,2044.72, 27.2967, 7927.99
175.7,2044.61, 27.1353, 7928.26
175.8,2044.5, 26.9749, 7928.53
175.9,2044.39, 26.8155, 7928.8
176,2044.28, 26.657, 7929.07
176.1,2044.17, 26.4994, 7929.33
176.2,2044.06, 26.3427, 7929.6
176.3,2043.96, 26.187, 7929.86
176.4,2043.85, 26.0322, 7930.12
176.5,2043.74, 25.8783, 7930.39
176.6,2043.64, 25.7253, 7930.64
176.7,2043.53, 25.5732, 7930.9
176.8,2043.43, 25.4219, 7931.16
176.9,2043.32, 25.2716, 7931.41
177,2043.22, 25.1222, 7931.66
177.1,2043.12, 24.9736, 7931.92
177.2,2043.01, 24.8259, 7932.17
177.3,2042.91, 24.6791, 7932.41
177.4,2042.81, 24.5331, 7932.66
177.5,2042.71, 24.3881, 7932.91
177.6,2042.61, 24.2438, 7933.15
177.7,2042.51, 24.1004, 7933.39
177.8,2042.41, 23.9579, 7933.63
177.9,2042.32, 23.8161, 7933.87
178,2042.22, 23.6753, 7934.11
178.1,2042.12, 23.5352, 7934.35
178.2,2042.03, 23.396, 7934.58
178.3,2041.93, 23.2576, 7934.82
178.4,2041.84, 23.12, 7935.05
178.5,2041.74, 22.9832, 7935.28
178.6,2041.65, 22.8472, 7935.51
178.7,2041.55, 22.712, 7935.74
178.8,2041.46, 22.5776, 7935.97
178.9,2041.37, 22.4441, 7936.19
179,2041.28, 22.3112, 7936.42
179.1,2041.19, 22.1792, 7936.64
179.2,2041.1, 22.048, 7936.86
179.3,2041.01, 21.9175, 7937.08
179.4,2040.92, 21.7878, 7937.3
179.5,2040.83, 21.6588, 7937.52
179.6,2040.74, 21.5307, 7937.74
179.7,2040.65, 21.4032, 7937.95
179.8,2040.56, 21.2766, 7938.16
179.9,2040.48, 21.1506, 7938.38
180,2040.39, 21.0254, 7938.59
180.1,2040.31, 20.901, 7938.8
180.2,2040.22, 20.7773, 7939.01
180.3,2040.14, 20.6543, 7939.22
180.4,2040.05, 20.532, 7939.42
180.5,2039.97, 20.4104, 7939.63
180.6,2039.88, 20.2896, 7939.83
180.7,2039.8, 20.1695, 7940.04
180.8,2039.72, 20.0501, 7940.24
180.9,2039.64, 19.9314, 7940.44
181,2039.56, 19.8134, 7940.64
181.1,2039.48, 19.6961, 7940.83
181.2,2039.39, 19.5794, 7941.03
181.3,2039.31, 19.4635, 7941.23
181.4,2039.24, 19.3483, 7941.42
181.5,2039.16, 19.2337, 7941.62
181.6,2039.08, 19.1198, 7941.81
181.7,2039, 19.0066, 7942
181.8,2038.92, 18.894, 7942.19
181.9,2038.85, 18.7821, 7942.38
182,2038.77, 18.6709, 7942.57
182.1,2038.69, 18.5603, 7942.75
182.2,2038.62, 18.4504, 7942.94
182.3,2038.54, 18.3411, 7943.12
182.4,2038.47, 18.2325, 7943.31
182.5,2038.39, 18.1245, 7943.49
182.6,2038.32, 18.0171, 7943.67
182.7,2038.25, 17.9104, 7943.85
182.8,2038.17, 17.8043, 7944.03
182.9,2038.1, 17.6988, 7944.21
183,2038.03, 17.594, 7944.38
183.1,2037.96, 17.4898, 7944.56
183.2,2037.88, 17.3862, 7944.73
183.3,2037.81, 17.2832, 7944.91
183.4,2037.74, 17.1808, 7945.08
183.5,2037.67, 17.079, 7945.25
183.6,2037.6, 16.9778, 7945.42
183.7,2037.53, 16.8772, 7945.59
183.8,2037.47, 16.7772, 7945.76
183.9,2037.4, 16.6778, 7945.93
184,2037.33, 16.579, 7946.1
184.1,2037.26, 16.4807, 7946.26
184.2,2037.19, 16.3831, 7946.43
184.3,2037.13, 16.286, 7946.59
184.4,2037.06, 16.1895, 7946.76
184.5,2037, 16.0936, 7946.92
184.6,2036.93, 15.9982, 7947.08
184.7,2036.87, 15.9034, 7947.24
184.8,2036.8, 15.8091, 7947.4
184.9,2036.74, 15.7154, 7947.56
185,2036.67, 15.6223, 7947.71
185.1,2036.61, 15.5297, 7947.87
185.2,2036.55, 15.4377, 7948.03
185.3,2036.48, 15.3462, 7948.18
185.4,2036.42, 15.2552, 7948.33
185.5,2036.36, 15.1648, 7948.49
185.6,2036.3, 15.0749, 7948.64
185.7,2036.23, 14.9856, 7948.79
185.8,2036.17, 14.8967, 7948.94
185.9,2036.11, 14.8084, 7949.09
186,2036.05, 14.7207, 7949.24
186.1,2035.99, 14.6334, 7949.38
186.2,2035.93, 14.5466, 7949.53
186.3,2035.87, 14.4604, 7949.67
186.4,2035.81, 14.3747, 7949.82
186.5,2035.76, 14.2895, 7949.96
186.6,2035.7, 14.2047, 7950.11
186.7,2035.64, 14.1205, 7950.25
186.8,2035.58, 14.0368, 7950.39
186.9,2035.53, 13.9536, 7950.53
187,2035.47, 13.8709, 7950.67
187.1,2035.41, 13.7886, 7950.81
187.2,2035.36, 13.7069, 7950.94
187.3,2035.3, 13.6256, 7951.08
187.4,2035.24, 13.5448, 7951.22
187.5,2035.19, 13.4645, 7951.35
187.6,2035.14, 13.3847, 7951.49
187.7,2035.08, 13.3053, 7951.62
187.8,2035.03, 13.2264, 7951.75
187.9,2034.97, 13.148, 7951.89
188,2034.92, 13.07, 7952.02
188.1,2034.87, 12.9925, 7952.15
188.2,2034.81, 12.9154, 7952.28
188.3,2034.76, 12.8388, 7952.41
188.4,2034.71, 12.7627, 7952.54
188.5,2034.66, 12.687, 7952.66
188.6,2034.6, 12.6118, 7952.79
188.7,2034.55, 12.537, 7952.92
188.8,2034.5, 12.4626, 7953.04
188.9,2034.45, 12.3887, 7953.17
189,2034.4, 12.3152, 7953.29
189.1,2034.35, 12.2422, 7953.41
189.2,2034.3, 12.1696, 7953.54
189.3,2034.25, 12.0974, 7953.66
189.4,2034.2, 12.0256, 7953.78
189.5,2034.15, 11.9543, 7953.9
189.6,2034.11, 11.8834, 7954.02
189.7,2034.06, 11.8129, 7954.14
189.8,2034.01, 11.7428, 7954.26
189.9,2033.96, 11.6732, 7954.37
190,2033.91, 11.6039, 7954.49
190.1,2033.87, 11.5351, 7954.61
190.2,2033.82, 11.4666, 7954.72
190.3,2033.77, 11.3986, 7954.84
190.4,2033.73, 11.331, 7954.95
190.5,2033.68, 11.2638, 7955.06
190.6,2033.63, 11.197, 7955.18
190.7,2033.59, 11.1305, 7955.29
190.8,2033.54, 11.0645, 7955.4
190.9,2033.5, 10.9988, 7955.51
191,2033.45, 10.9336, 7955.62
191.1,2033.41, 10.8687, 7955.73
191.2,2033.37, 10.8042, 7955.84
191.3,2033.32, 10.7401, 7955.95
191.4,2033.28, 10.6764, 7956.05
191.5,2033.23, 10.6131, 7956.16
191.6,2033.19, 10.5501, 7956.27
191.7,2033.15, 10.4875, 7956.37
191.8,2033.11, 10.4253, 7956.48
191.9,2033.06, 10.3634, 7956.58
192,2033.02, 10.3019, 7956.69
192.1,2032.98, 10.2408, 7956.79
192.2,2032.94, 10.18, 7956.89
192.3,2032.9, 10.1196, 7956.99
192.4,2032.85, 10.0595, 7957.09
192.5,2032.81, 9.99984, 7957.19
192.6,2032.77, 9.9405, 7957.29
192.7,2032.73, 9.88151, 7957.39
192.8,2032.69, 9.82286, 7957.49
192.9,2032.65, 9.76457, 7957.59
193,2032.61, 9.70662, 7957.69
193.1,2032.57, 9.64901, 7957.79
193.2,2032.53, 9.59175, 7957.88
193.3,2032.5, 9.53482, 7957.98
193.4,2032.46, 9.47823, 7958.07
193.5,2032.42, 9.42198, 7958.17
193.6,2032.38, 9.36606, 7958.26
193.7,2032.34, 9.31047, 7958.36
193.8,2032.3, 9.25521, 7958.45
193.9,2032.27, 9.20027, 7958.54
194,2032.23, 9.14566, 7958.63
194.1,2032.19, 9.09138, 7958.72
194.2,2032.15, 9.03742, 7958.82
194.3,2032.12, 8.98377, 7958.91
194.4,2032.08, 8.93045, 7959
194.5,2032.05, 8.87744, 7959.08
194.6,2032.01, 8.82474, 7959.17
194.7,2031.97, 8.77236, 7959.26
194.8,2031.94, 8.72029, 7959.35
194.9,2031.9, 8.66852, 7959.44
195,2031.87, 8.61706, 7959.52
195.1,2031.83, 8.56591, 7959.61
195.2,2031.8, 8.51506, 7959.7
195.3,2031.76, 8.46451, 7959.78
195.4,2031.73, 8.41426, 7959.87
195.5,2031.69, 8.36431, 7959.95
195.6,2031.66, 8.31466, 7960.03
195.7,2031.63, 8.26529, 7960.12
195.8,2031.59, 8.21622, 7960.2
195.9,2031.56, 8.16745, 7960.28
196,2031.53, 8.11896, 7960.36
196.1,2031.49, 8.07076, 7960.44
196.2,2031.46, 8.02284, 7960.52
196.3,2031.43, 7.97521, 7960.6
196.4,2031.4, 7.92786, 7960.68
196.5,2031.36, 7.88079, 7960.76
196.6,2031.33, 7.834, 7960.84
196.7,2031.3, 7.78748, 7960.92
196.8,2031.27, 7.74125, 7961
196.9,2031.24, 7.69528, 7961.07
197,2031.21, 7.64959, 7961.15
197.1,2031.17, 7.60417, 7961.23
197.2,2031.14, 7.55902, 7961.3
197.3,2031.11, 7.51414, 7961.38
197.4,2031.08, 7.46952, 7961.46
197.5,2031.05, 7.42517, 7961.53
197.6,2031.02, 7.38108, 7961.6
197.7,2030.99, 7.33725, 7961.68
197.8,2030.96, 7.29368, 7961.75
197.9,2030.93, 7.25037, 7961.82
198,2030.9, 7.20732, 7961.9
198.1,2030.87, 7.16452, 7961.97
198.2,2030.84, 7.12197, 7962.04
198.3,2030.82, 7.07968, 7962.11
198.4,2030.79, 7.03764, 7962.18
198.5,2030.76, 6.99585, 7962.25
198.6,2030.73, 6.9543, 7962.32
198.7,2030.7, 6.913, 7962.39
198.8,2030.67, 6.87195, 7962.46
198.9,2030.65, 6.83114, 7962.53
199,2030.62, 6.79057, 7962.6
199.1,2030.59, 6.75024, 7962.67
199.2,2030.56, 6.71015, 7962.73
199.3,2030.54, 6.6703, 7962.8
199.4,2030.51, 6.63069, 7962.87
199.5,2030.48, 6.59131, 7962.93
199.6,2030.45, 6.55216, 7963
199.7,2030.43, 6.51325, 7963.06
199.8,2030.4, 6.47457, 7963.13
199.9,2030.37, 6.43611, 7963.19
